sequence,fitness,epoch,label
LWSDIKMKLKKT,49.37196,7,10
KMGKLIGIPVLK,47.83688,7,10
MKVAAAMAPKQV,38.66109,11,8
AKCKVQSANVCK,37.82153,11,8
KMWDWEQKKKWI,34.11149,5,7
WDWEQKKKWI--,31.26163,6,7
RLPKRVQGNVEK,30.61573,9,7
VTRMTIQVKGSK,30.16713,11,7
TSKSKKRMTAKK,29.83349,8,7
ICLKSQPICGID,29.49547,7,6
LELKLGKRPMGW,29.24477,5,6
ARNRKKIMMRWI,29.01464,10,6
PVNRLGKMSKNR,28.83256,8,6
IGVLRSVKQTVR,28.55074,9,6
NKQRRMLSRERS,28.52089,10,6
NVVVQRRNHHTS,28.05341,11,6
VGSVKSGNLRMR,26.22986,8,6
EPSNLPKGMNEK,24.69024,8,6
QCAGWVQKRQIQ,23.37685,11,5
KGKLDKDRNL--,23.28052,6,5
KYTKTRKQSSKA,22.48,3,5
RRRRRRRRRRRR,22,1,5
VCNRIEPLKPIL,21.82239,7,5
ERQEEKIKKW--,20.79427,6,5
CQLAWRPCAKAS,19.532,11,4
WFGLQRHLKKKD,19.0715,5,4
RTTTRTTTRTTT,18.9,1,4
RTRTRTRTRTRT,18.7,1,4
PVARKVVQICHP,18.63698,11,4
CCWHNPKWRRTR,18.46,3,4
PRSWEVKEKETM,18.27337,8,4
NFLRAQRQCQKQ,18.16368,11,4
RGRGRGRGRGRG,17.2,1,4
RGKMPLRWMTRK,17.14,3,4
HWSTCTRTRTLS,17.1,4,4
KSKSKSKSKSKS,17,1,4
SSDQDRDKWL--,16.82505,6,4
KPCKWAGRACAK,16.69529,11,4
RTTRTTRTTRTT,16.3,1,4
MWQMKWTRKTRE,16.24,4,4
KPWHGCASRTKR,16.19014,4,4
HIKWRLTKGTRT,16.08,4,4
VSLQCWELGPNK,15.70919,7,4
HGRKWKRTKFDD,15.49,4,4
KRIIEDDQLE--,15.19034,6,4
RRMVNRTITRMW,15.01,4,4
GNKKNWRWYKNR,14.71334,7,3
AQCCQHRKGYMN,14.69376,11,3
KWVVRPRIRRLL,14.62156,9,3
VSVVATGCVWET,14.33556,11,3
TKTKTKTKTKTK,14.1,1,3
NSSNHSNNMPCQ,14.06,2,3
IRRWNDRIRITS,13.90809,10,3
TTTKTTTKTTTK,13.8,1,3
TTTTTKTTTTTK,13.8,1,3
PIKQIAWPIIEH,13.6599,10,3
RKHHGWRWEQWK,13.59362,5,3
KVLWRMPAQIIQ,13.51793,11,3
WDRTSTRPSSVL,13.46,4,3
KEEVWLKWLI--,13.42497,6,3
MWVKGMKHKKMK,13.23495,5,3
KSSKSSKSSKSS,13.2,1,3
KSSSKSSSKSSS,13,1,3
IIRSPICCVSRV,12.89188,9,3
RSRSRSRSRSRS,12.8,1,3
GRKRGAIWKDTK,12.75,3,3
KHKHKHKHKHKH,12.7,1,3
LSQQPRKRATWR,12.60838,10,3
TTKTTKTTKTTK,12.6,1,3
DKVCKIQKRKWH,12.51172,5,3
KKKKKKKKKKKK,12.5,1,3
RLWNSGEGRGEN,12.26758,8,3
KGGGKGGGKGGG,12.1,1,3
QCRAGAMPAMYV,12.05809,11,3
KKRLHWIRWHCG,12.01536,5,3
KKRKKHKKGKKP,11.9,1,3
GQRWLYKMKDSM,11.86265,5,3
KGGKGGKGGKGG,11.8,1,3
LDHTWGKWGHQS,11.50256,5,3
KKGKKKGKKHKK,11.3,1,3
PGGVRSNDLLEV,11.18031,8,3
DKRKIKQKMWWG,10.86,4,3
KGKGKGKGKGKG,10.8,1,3
CHLKDLRKMGLR,10.1388,5,3
IKGMNIKMPTDQ,9.95,3,3
KKAKKKGKKHKK,9.9,1,3
RRCQAQEFWLGA,9.515134,11,2
KKGKKKGKKPKK,9.3,1,2
DSSSSSDSSSSS,9.1,1,2
KVIRYVVAPMKL,8.94,3,2
NAPWKHWRIINE,8.898582,10,2
GNCPMKVCSPMG,8.89,3,2
NDISMCNKNNNW,8.824446,7,2
KDRTSKPKRPWC,8.67,3,2
SDGSKIKDRD--,8.630329,6,2
KVRCLVEARPSW,8.194995,9,2
VINKVISCPCVN,8.109024,11,2
VINKVISNPCVN,8.107188,7,2
IRTYLRKRNSTQ,8.03,2,2
TVSEPVMMVSVS,7.771304,8,2
GIFKTTKCKHNS,7.61,2,2
QRHDSHRHGLWL,7.543669,5,2
HDDKNKESDD--,7.479407,6,2
DTTTTTDTTTTT,7.2,1,2
LSNRRGREQYAG,7.08,2,2
DSSSDSSSDSSS,7,1,2
MAMADAAAPMNA,6.965346,11,2
NQYSNWNKNYK-,6.94,1,2
EMRQWKWMWENA,6.580628,10,2
WWWKPKREDFMK,6.58,4,2
TTTTTTTTTTTT,6.5,1,2
RPPMLNVVRVVG,6.489129,9,2
GGRVWEWNVAA-,6.08351,11,2
SNHKMSECRGLR,5.98,2,2
ETTTTTETTTTT,5.9,1,2
GPMPMNAKMKLC,5.81,3,2
ETNVRVKVVSES,5.707696,8,2
RHRHRHRHRHRH,5.5,1,2
NNKCQVVAAFVM,5.401218,11,2
HLVVSPRVSWGC,5.30282,9,2
FNSNKITPTSNM,5.29,2,2
VPNIQVKGSK--,4.99326,11,2
VNLPMVMPNLRM,4.53,3,1
ETTETTETTETT,4.4,1,1
PVVYKTVIQCCD,4.333159,11,1
VAWVMKAHVCTM,4.201038,11,1
VNSDPSNGQMRD,4.15,2,1
DTTDTTDTTDTT,4,1,1
DTTTDTTTDTTT,4,1,1
ETTTETTTETTT,4,1,1
NRVTESVRNVKM,3.683273,11,1
QTATENSQMNSG,3.64,2,1
GLGNQHVVVLGV,3.528919,9,1
NWRDCLSLIVPN,3.179373,7,1
LLRLLGLVER--,3.037419,6,1
GLIEARAMQQCC,2.704976,11,1
DSDSDSDSDSDS,2.5,1,1
QERRDDILWD--,2.296864,6,1
DTDTDTDTDTDT,2.2,1,1
ETETETETETET,1.7,1,1
QTEHYENSARNS,1.09,2,1
KQSCALETRMCG,0,2,1
